20170809,맨유 레알,쓰촨성,슈퍼컵,괌,문현아,중국 지진,미나,리니지m,류필립,구새봄,이파니,spotv,슈퍼컵 중계,내 사람친구의 연애,한동민,e프라이버시 클린서비스,부산날씨,롤 점검,주간아이돌,안현모
20170808,하나티켓,e프라이버시 클린서비스,위키미키,이재영,왕은 사랑한다,살인자의 기억법,월식,이재용,박기영,박철상,황우석,김재환,정경두,신서유기,구형,이승우,이파니,한효주,신준경,류현진
20170807,입추,이재영,이재용,류현진,구형,말복,김인경,김광수의원,이종훈,구해줘,오버워치 월드컵,장동건 시구,워너원,김광수,이재용 재판,첼시 아스날,워너원 에너제틱,삼성전자,류현진 중계,lpga
20170806,구해줘,우사인볼트,최준희,홍진영,스테판 커리,김국영,장백지,블랙핑크,인기가요,게이틀린,이종훈,슈퍼맨이돌아왔다,제니,로또,커뮤니티실드,김희선,최강 배달꾼,런닝맨,사정봉,왕페이
20170805,최준희,한지민,최강 배달꾼,한혜연,조우찬,올티,김국영,한지민 나이,삼시세끼,스테판 커리,쇼미더머니,요즘것들,n분의 1,더블케이,무한도전,다르빗슈,에이솔,음악중심,구해줘,블랙핑크
20170804,인생술집,안현모,임세령,용가리 과자,삼시세끼,김기덕,위너,라이머,이상인,이시영,황민현,해피투게더,큐넷,아이돌학교,옹성우,외모지상주의,썰전,태풍 노루 경로,제천 누드펜션,두바이
20170803,김기덕,박열,싱글 와이프,용가리 과자,배현진,박찬주 부인,워너원고,택시운전사 관객수,강하늘,택시운전사,고윤,박열 관객수,맨유 삼프도리아,해피투게더,김무성,안철수,제천 누드펜션,최희서,고우리,태풍 노루 경로
20170802,서남대,태풍 노루 경로,태풍 노루,일본 지진,택시운전사,박찬주,부동산대책,하리수,박지현,한국항공우주,길건,조항리,정정아,중앙역,롤 점검,배현진,태풍,박찬주 대장,공관병,미키정
20170801,태풍 노루,장현승,이안류,snl,큐넷,박찬주,여자친구,유이,지소연,김현수,다르빗슈,이태곤,대한항공 채용,신서유기,우효광,snl 방청신청,태풍,왕은 사랑한다,박찬주 대장,휴스틸
20170731,휴스틸,이다지,스타크래프트 리마스터,김세현,고아름,류현진,밤도깨비,유재명,이미향,마티치,이효성,비긴어게인,바바둑,복면가왕 영희,2017그랑프리세계여자배구대회,재산세 납부,비밀의숲 시즌2,ufc214,예비군,장현승
20170730,ufc214,ufc,헤이즈,조두순,스타크래프트 리마스터,2017그랑프리세계여자배구대회,존존스,김종국,밤도깨비,김성오,스포티비 나우,복면가왕 영희,로또,엘클라시코,무한도전,박진영의 파티피플,올티,아는형님,인기가요,토익
20170729,올티,지소연,내 여자의 핸드폰,주노플로,고속도로교통상황,캐스퍼,북한 미사일,넉살,우원재,무한도전,언니는 살아있다,육군사관학교,손소희,그것이 알고싶다,쇼미더머니6,아는형님,음악중심,오버워치 apex 시즌3 결승,김현수,사이버경찰청 원서접수
20170728,셀트리온헬스케어,황병헌,카카오뱅크,비인두암,김우빈,조윤선,버즈,김원기,카카오뱅크 대출,파이어볼,더바이브 레이블,머라이어 캐리,해피투게더,안세현,군함도 관객수,외모지상주의,황병헌 판사,크리미널 마인드,뮤직뱅크,송가연
20170727,카카오뱅크,총각네 야채가게,조윤선,이시형,누드펜션,크리미널마인드,서민정,이영석,김기춘,카카오뱅크 대출,맨유 바르셀로나,군함도,라디오스타,머라이어 캐리,노크노크,오버워치 점검,한끼줍쇼,구하라,금호타이어,박해미
20170726,구하라,군함도,담배값 인하,정유석,강훈,문화의날,김사랑,망고식스,크리미널마인드,엔화,곽진영,리니지m,김준희,남한산성,셀트리온,롤 점검,주간아이돌,송영길,총각네 야채가게,스타크래프트 리마스터
20170725,김준희,강훈,이대우,망고식스,조작,아이돌 성폭행,오뚜기,노소영,류현진,sk 하이닉스,박태환,문무일,하백의 신부,대전날씨,이언주,최태원,뉴이스트,유채영,디스패치,담뱃값 인하
20170724,오뚜기,유채영,문무일,박태환,맨유 레알,조작,최태원,큐넷,노소영,런닝맨,이승우,효리네 민박,레밍,lpga,태풍,신의탑,비밀의숲,월화드라마,김연아,효리네 민박 노래
20170723,김학철,김영주,박진영의 파티피플,레밍,인천 침수,오뚜기,ufc,그것이 알고싶다,인기가요,토르 라그나로크,로또,인천날씨,김형진,최고의 한방,런닝맨,비밀의숲,아는형님,효리네 민박,박태환,손나은
20170722,펀치넬로,중복,이훈,도끼,딘,나혼자산다,김병만,쇼미더머니,말복,언니는 살아있다,백종원의 푸드트럭,그것이 알고싶다,무한도전,아토,음악중심,최고의 한방,린킨 파크,로또당첨번호조회,추신수,아는형님
20170721,린킨 파크,김병만,22사단,이부진,맨유 맨시티,홍준표 장화,김학철,서유정,체스터 베닝턴,국가장학금,크리스 코넬,썰전,임우재,정글의법칙,조미령,외모지상주의,뮤직뱅크,린킨파크,진경준,OJ 심슨
20170720,김학철,장희진,모라타,이부진,죽어야 사는 남자,아이언,손여은,최여진,이마트 문화센터,임우재,22사단,레밍,다시 만난 세계,홈플러스 문화센터,덩케르크,박진주,악동뮤지션,엠카운트다운,롯데마트 문화센터,스타벅스 해피아워
20170719,서하준,데이트 폭력,수목드라마,군복무 단축,이더리움,신나라레코드,마르코,이효성,리니지m,정상수,kard,네이마르,핫트랙스,비트코인,100대 국정과제,학교2017,다시 만난 세계,크리미널마인드,죽어야 사는 남자,양세종
20170718,황하나,박유천,왕은 사랑한다,정상수,서하준,박근혜침대,임지현,백예린,학교 2017,우효광,시골경찰,윤철종,엑소,월화드라마,신서유기,제임스 로니,박능후,학교2017,추자현,코레일 채용
20170717,임지현,제헌절,이연화,박성현,월화드라마,장필순,티볼리 아머,곽현화,왕좌의 게임 시즌7,철구,청주,학교 2017,왕은 사랑한다,워너원고,이엘리야,2018년 최저임금,jtbc 골프,us 오픈,뉴이스트,나훈아
20170716,청주,최저임금,둥지탈출,옥소리,류샤오보,청주날씨,임지현,아이린,로또,철구,케이준,복면가왕 아기해마,인기가요,유희열의 스케치북,품위있는 그녀,천안,제헌절,런닝맨,청주 폭우,로드fc
20170715,에이솔,페노메코,옥소리,로드fc,우원재,유이,품위있는 그녀,수상한 가수,강남,보이비,핫샷,하트시그널,둥지탈출,블랙나인,이그니토,쇼미더머니6,최저임금,남궁민,장산범,기동민
20170714,종근당,유이,강남,종근당 회장,아이돌학교,디스패치,이시영,조승현,이장한,조대엽,이해인,송영무,솜혜인,외모지상주의,류샤오보,나띠,이채영,수상한 가수,해피투게더,광주날씨
20170713,고은아,인천 초등생 살인범,시반,조승현,황승언,이시영,남사친 여사친,조태관,김새롬,최민수,박종진,아이돌학교,이소연,장제원,조대엽,수목장,송영무,종근당,아스퍼거 증후군,이시하라 사토미
20170712,삼계탕,중복,이준서,초복,커피스미스,이정미,미세먼지,2017년 7월 모의고사,7월 모의고사 등급컷,안철수,초복 음식,류석춘,윤손하,임성은,이시영,말복,jbj,지창욱,메이웨더,커피스미스 대표
20170711,추자현,우효광,이언주,커피스미스,지승준,동상이몽 시즌2,커피스미스 대표,강연재,미세먼지,하백의 신부,원,김영찬,설리,임시완,원펀치,이정미,신서유기,오늘날씨,파수꾼,스타쉽 엔터테인먼트
20170710,이언주,경부고속도로 사고,지소연,윤지웅,유세윤,경부고속도로 사고 블랙박스,김민준,비긴어게인,아이유,송재희,한가인,이준서,경부고속도로,설리,신의탑,런닝맨,신나라레코드,워너원고,서사무엘,김행직
20170709,ufc,로또당첨번호조회,ufc213,디기리,경부고속도로 사고,양홍원,경부고속도로,레드벨벳,레드벨벳 빨간맛,무한도전,인기가요,풍산개,지드래곤,이언주,품위있는 그녀,조원진,이준서,이병규,지코,갤럭시노트 fe
20170708,디기리,성훈,조금산,서재원,나상욱,우원재,트루디,슬리피,품위있는 그녀,2017 미스코리아,무한도전,플립,최지만,노엘,아는 형님,언니는 살아있다,타이거jk,로또당첨번호조회,그것이 알고싶다,ufc
20170707,조금산,썰전,박형준,아이돌 성폭행,갤럭시노트 fe,윤석민,소서,삼성전자,가인,루카쿠,해피투게더,외모지상주의,주지훈,경복궁 야간개장,그레이,2017 미스코리아,햄버거병,오버워치,추미애,필리핀 지진
20170706,햄버거병,아이돌 성폭행,도회지,한정국,채리나,최지만,김태리,송중기,송혜교,10월 2일 임시공휴일,악녀,윤이상,후쿠오카,루카쿠,이지훈,라디오스타,리프트 라이벌즈,김영철,박용근,한끼줍쇼
20170705,송중기,송혜교,유소연,태양의 후예,문무일,이재용,임성은,전진주,악녀,배동성,리니지m,스파이더맨 홈커밍,정상수,하백의 신부,디스패치,햄버거병,조재연,icbm,mlb,아파트투유
20170704,문무일,하백의신부,임성은,북한,한국사능력검정시험,유소연,조윤선,태풍 난마돌,김태우,셜록의 방,조성은,하백의 신부,태풍,icbm,북한 중대발표,유영민,류여해,신태용,노블레스,신서유기
20170703,태풍 난마돌,태풍,난마돌,조윤선,독일 칠레,오바마,하백의신부,소양강댐수위,홍준표,창원 골프장 납치,김은경,류여해,가뭄해갈,복면가왕,제습기,오징어입,백운규,부산날씨,신의탑,김기춘
20170702,두산베어스,태풍,나혜미,한채영,파퀴아오,이지성,길,차유람,에릭,로또,난마돌,mc햄버거,무한도전,날씨예보,태풍 난마돌,장마,최규순,인기가요,소향,리플리
20170701,나혜미,맨유 바르셀로나 레전드,에릭,원썬,넉살,박지성,장용준,더블케이,쇼미더머니6,딘,길,무한도전,언니는 살아있다,lpga,장호비치캠핑장,고산자연휴양림,양홍원,초아,그것이 알고싶다,한채영
20170630,염유리,트럼프,독일 멕시코,조대엽,서울 양양 고속도로 개통,옥자,쇼미더머니6,뮤직뱅크,스타크래프트 리마스터,박지헌,외모지상주의,최저임금,썰전,멜라니아,나혜미,이주노,아이돌학교,트럼프 악수,해피투게더,이효리
20170629,옥자,송백경,탑,아이돌학교,김상곤,황재균,포르투갈 칠레,옥자 상영관,김승현,설리,장진호 전투,이사랑,손새은,박열,류현진,황재균 홈런,이은재,유성엽,영화 리얼,집행유예
20170628,필독,신성일,에디킴,박열,소진,손새은,이준서,설리,영화 리얼,이유미,보라,송하윤,송영무,롤점검,아이돌학교,유아인,표예진,리니지m 점검,써클,황재균
20170627,이유미,이준서,박상기,유아인,리얼,국민의당,하백의신부,헤이즈,골육종,문준용,학점계산기,국민의당 이유미,이더리움,신서유기,안철수,쌈마이웨이 남일,2호선,설리,스티븐 연,스텔라
20170626,비긴어게인,학점계산기,효리네 민박,리얼,이상순,시노자키 아이,전지현,경유값 인상,이혜훈,오연수,비인두암,문준용,이유미,미스터피자 갑질,정우현,박정현,서울날씨,미스터피자,박현진,신의탑
20170625,성락교회,티아라,효도르,손나은,서울날씨,인기가요,로또당첨번호조회,효리네 민박,에이핑크,서민정,날씨예보,김기동목사,lpga,벨라토르,효도르 미트리온,오하영,김사랑,시노자키 아이,복면가왕,포르투갈 뉴질랜드
20170624,김사랑,이대호,오재원,쇼미더머니6,서울날씨,귀순,김사랑 나이,이시언,나혼자산다,신격호,장나라,서울시 공무원 원서접수,음악중심,언니는 살아있다,대전날씨,무한도전,대구날씨,일기예보,아는형님,그것이 알고싶다
20170623,초아,이찬,aoa,쇼미더머니6,최순실,일산백병원,장나라,자유한국당 5행시,독일 칠레,블랙핑크,강동호,외모지상주의,박보검,장희진,장나라 나이,무한도전,김장겸,썰전,노크노크,나혼자산다
20170622,싱글 와이프,강동호,차주혁,일산백병원,탁현민,심은하,김희경,김기방,블랙핑크,송경아,자유한국당 5행시,나향욱,최호식,라디오스타,표예진,초아,한국세무사회자격시험,자유한국당,마마무,전혜진
20170621,권순호,하지,심은하,리니지m,쌈 마이웨이 황복희,트랜스포머,탁현민,지상욱,웜비어,설리,신연희,디졸브,전원책,플레이엔씨,권순호 판사,에이미,소피아노,국립자연휴양림,중국 msci,외상 후 스트레스 장애
20170620,리니지m,이철우,오토 웜비어,설리,아리아나 그란데,싸이 흠뻑쇼,문정인,엽기적인 그녀,김사랑,아리아나 그란데 내한,학점계산기,심은하,윤보미 시구,리얼,부산날씨,노블레스,신격호,들개들,에이미,윤보미
20170619,문정인,송혜교,포르투갈 멕시코,2017 컨페더레이션스컵,이예림,서지혜,김영찬,송중기,택시운전사,핫샷,이혜영,소향,인천여아살인사건,윤성환,강경화,정혜성,주광덕,나인뮤지스,윤손하,부동산대책
20170618,캐릭터 커뮤니티,인천여아살인사건,곽정은,윤손하,강경화,김동현,류현진,이효리,워너원,장미인애,로또,뉴이스트,노회찬,소향,2017 컨페더레이션스컵,정혜성,김소은,인기가요,그것이 알고싶다,오지의 마법사
20170617,워너원,윤손하,뉴이스트,김종현,김사무엘,윤소정,품위있는 그녀,ufc,김동현,패혈증,프로듀스 101 시즌2 순위,지카바이러스,이대휘,이상인,이효리,문정인,황민현,ufc 중계,UFC Fight Night 111,김동현 경기
20170616,안경환,나지완,정은승,박경철,강민호,구재이,안경환 아들,이병규,리니지2 레볼루션,외모지상주의,웜비어,노현정,주광덕,썰전,노경은,강동호,해피투게더,안경환 혼인신고,스키조,호날두
20170615,도고아르젠티노,외인사,김현미,또봉이통닭,하루,고재근,손연재,이석훈,최종훈,나지완,강민호,백선하,백남기,이수련,티아라,7일의 왕비,런던화재,에이핑크,김지우,군함도
20170614,최종훈,손연재,한국 카타르,2018 러시아 월드컵 최종예선,런던화재,손흥민,슈틸리케,송지호 오토캠핑장,신서유기4,도종환,일제고사,귀순,kt 환급금 조회,티아라,프랑스 잉글랜드,한국 카타르 하이라이트,군함도,김부용,또봉이통닭,축구중계
20170613,kt 환급금 조회,현대 코나,임재범,신서유기4,이란 우즈벡,하리수,연세대 폭발,황하나,한국 카타르,2018 러시아 월드컵 최종예선,송남영,연세대,후크엔터테인먼트,대구 바나나,한국사능력검정시험,최우식,이더리움,김상조,효리네 민박,노블레스
20170612,장미인애,하리수,기주봉,허웅,미키정,김상곤,정재진,동서고속도로,아오르꺼러,이더리움,거북목 교정기,신의탑,시정연설,비밀의숲,류현진,임재범,런닝맨,송남영,비트코인,양정원
20170611,아오르꺼러,비밀의숲,김옥빈,장미인애,송영무,로드fc,ufc,채서진,김상곤,안경환,명현만,허웅,양정원,로또,정전,김서형,런닝맨,쥬라기월드,브리트니스피어스,동서고속도로
20170610,유시민 항소이유서,장문복,하성운,유시민,로드fc,라이관린,모라타,차우찬,프로듀스 101 시즌2 순위,nba,nba 파이널,비밀의숲,한혜진,무한도전,알쓸신잡,umf,엠넷,서울날씨,김옥빈,김수현
20170609,김윤서,키디비,트럼프 탄핵,지드래곤,블랙넛,코미,지드래곤 개소리,브라질 아르헨티나,도상우,노태강,외모지상주의,선우선,해피투게더,트럼프,이한열,SK증권,썰전,지드래곤 무제,알쓸신잡,뮤직뱅크
20170608,김승현,한국 이라크,엠카운트다운,손여은,지드래곤,악녀,장시호,이유영,김승현 딸,이채익,2018 러시아 월드컵 최종예선,nba,안성무,오연아,지드래곤 개소리,한끼줍쇼,국민의당,청하,면직,송하윤
20170607,유섬나,유병언,하하랜드,면직,강경화,청하,강수량,냄비받침,탑,김이수,김동연,정유라 아들,심재권,카타르,한국 이라크,오늘날씨,기상청,김승현,임기영,김용만 아들
20170606,티오테,현충일,정우택,이보영,카타르,탑,호식이두마리치킨,미이라,애플,현충일 태극기,류현진,연평해전,최호식,모야모야병,유섬나,태극기,호식이두마리치킨 회장,박지훈,오지의 마법사,김기정
20170605,호식이두마리치킨,최호식,현충일,이소율,가인,망종,박지성,김기정,위승호,학교 2017,내일날씨,캐릭 자선경기,조제알도 할로웨이,듀얼,미이라,아이코스,조제알도,이탈리아 잠비아,nba,신의탑
20170604,레알마드리드 유벤투스,가인,ufc,한수민,조제알도,듀얼,챔피언스리그,챔스 결승,레알마드리드,인기가요,조제알도 할로웨이,비밀의숲,정현,캐릭 자선경기,호날두,나경은,아사,ufc 중계,이소율,복면가왕 너구리
20170603,최고의 한방,알쓸신잡,기각,유시민,김상조,열어줘,한수민,강부영,스테판 커리,한수민 나이,2017 드림콘서트,유희열,차우찬,황교익,무한도전,미이라,갤 가돗,한혜진,그것이 알고싶다,맨투맨
20170602,김상조,수락산,수락산 산불,탑,지동원,강지영,탑 대마초,알쓸신잡,마닐라,외모지상주의,파리의연인 결말,이진복,알자회,최고의 한방,썰전,조보아,7일의 왕비,지카바이러스,김광진,뮤직뱅크
20170601,우박,탑,7일의 왕비,김현아,정운택,탑 대마초,특별시민,2017 6월 모의고사 등급컷,6월 모의고사,정유라,권율,김현아 의원,2017년 6월 모의고사,롤점검,2017 6월 모의고사 답지,김관진,수락산,류현진,담양 우박,알자회
20170531,정유라,한국 포르투갈 하이라이트,다대포해수욕장,한민구,원더우먼,김관진,티아라,한국 포르투갈,이엘리야,롤챔스,불타는 청춘,대립군,유이,정유라 나이,장범준,롤점검,리얼,최순실,엽기적인 그녀,7일의 왕비
20170530,김현미,엽기적인 그녀,단오,한국 포르투갈,태항호,도종환,주진형,송대관,김연자,김부겸,김연경,베네수엘라 일본,예정화,김영춘,월화드라마,무궁화 꽃이 피었습니다,타이거우즈,한국 포르투갈 중계,김상조,130만 유로
20170529,빈지노,재지팩트,나잠수,서훈,ufc,주진형,초안산 캠핑장,로버트 켈리,이혜영,엽기적인 그녀,한국 포르투갈,이재은,월화드라마,칸 영화제,신의탑,도둑놈 도둑님,이언주,스테파니 미초바,황교안,최원준
20170528,오현경,이파니,메르스,아모르파티,아스날 첼시,ufc,인기가요,서성민,이혜영,로또,최원준,이언주,현우,오승환,바르셀로나 알라베스,부곡하와이,런닝맨,토익,복면가왕,그것이 알고싶다
20170527,부곡하와이,이언주,장문복,한국사능력검정시험,김어준의 파파이스,프로듀스 101 시즌2 순위,한국 잉글랜드,메르스,김종현,나혼자산다,맨투맨,더 큐어,일본 이탈리아,커제 알파고,오현경,크리스 코넬,오빠생각,엠넷,청해부대,오연서
20170526,조인성,이주노,해피투게더,남태현,한국 잉글랜드,이언주,추리의 여왕 시즌2,탁현민,조지나 로드리게스,썰전,위장전입,백원우,서지혜,신소율,외모지상주의,추리의 여왕,호날두,송강호,솔비,필리핀 계엄령
20170525,차유람,이지성,필리핀 계엄령,필리핀,맨유 아약스,비인두암,차예련,백원우,이더리움,김우빈,김무성,전재만,김무성 노룩패스,정유라,주상욱,차우찬,맨유,단통법,규현,조윤희
20170524,김무성,차우찬,한국 아르헨티나 하이라이트,비인두암,김우빈,한혜진,김무성 캐리어,이승우 골,한국 아르헨티나,씨스타,로저 무어,이낙연,노 룩 패스,윤현숙,사이버국가고시센터,경대수,오버워치 감사제,노건호,서정희,크리샤츄
20170523,씨스타,써클,아리아나 그란데,파수꾼,한국 아르헨티나,노건호,섬총사,쌈 마이웨이,박근혜,테이저건,김성근,박근혜 재판,김태희,알파고 커제,노무현,노무현 8주기,한국 아르헨티나 중계,이승우 골,커제,박근혜 재판 생중계
20170522,문희준,보이콧,강경화,정다은,백지영,파수꾼,악녀,윤성환,아이콘,이명박,조우종,방탄소년단 빌보드,김동연,비트코인,4대강,김민희,msi 결승,lpga,방탄소년단,레알마드리드 말라가
20170521,김장훈,강경화,한국 기니 하이라이트,장하성,윤성환,한국 기니,김예원,김동연,이승우,김자인,정의용,섬총사,이향,김태균,양현석,백승호,블랙핑크,오빠생각,문희준,로또
20170520,김자인,김진태,김연경,서울로 7017,윤석열,축구,한국 기니,나혼자산다,스토어팜 판매자센터,2017 FIFA U-20 월드컵 일정,이승우,하민호,기니,정글의법칙,쇼미더머니6,효리네 민박,정유미,장문복,유이,U-20 월드컵
20170519,윤석열,서지혜,김의성,손흥민,쇼미더머니6,토트넘 레스터,정하나,효리네 민박,김이수,토트넘,인생술집,박균택,류현진,윤석열검사,손흥민 골,변성현,장폐색증,로이킴 누나,김진태,기무라타쿠야
20170518,5 18 민주화 운동,강정호,옥자,임을 위한 행진곡,유수진,김상조,임을 위한 행진곡 가사,피우진,이세창,전두환,정우택,초아,최수진,역린,쌈 마이웨이,이석진,518 기념식,김성태,트럼프 탄핵,유벤투스 라치오
20170517,서정희,초아,이석진,임영규,피우진,써클,안성현,김상조,불타는 청춘,성유리,강남역 살인사건,안태근,이재현,롤점검,한송이,이세창,윤유선,이영렬,아파트투유,국가장학금
20170516,안성현,성유리,임혁필,한송이,박수현,손미나,신고은,조동혁,양정철,이수,백희가 돌아왔다,박유천,트와이스 시그널,노무현입니다,양요섭,리얼,첼시 왓포드,러블리즈,우원식,알랭 드 보통
20170515,랜섬웨어 예방,보호나라,랜섬웨어,윈도우 업데이트,트와이스 시그널,박유천,성년의 날,유진박,토트넘 맨유,성년의날,시그널,스승의날 문구,김시우,트와이스,스승의날,한국인터넷진흥원,이성경,조혜정,월화드라마,윈도우 보안패치
20170514,랜섬웨어,정진우,도둑놈 도둑님,안세하,ufc,로즈데이,정혜성,김관진,전병헌,랜섬웨어 예방,nsc,모모랜드,이성경,신동욱,로또,UFC 211 중계,미오치치 산토스,김슬기,무한도전,김주하
20170513,김슬기,랜섬웨어,언니쓰,이성경,권혁수,첼시,장소연,나혼자산다,나경원,김종현,임을 위한 행진곡,언니쓰 맞지,msi 일정,리니지2 레볼루션,욜로,조은화,김주하,고민정,도둑놈 도둑님,msi
20170512,나경원,웅동학원,언니쓰,황승언,언니쓰 맞지,임을 위한 행진곡,뮤직뱅크,홍석현,썰전,왕지원,박형철,국정교과서,박선주,어젠다,msi,류현진,중앙일보,외모지상주의,맨유 셀타비고,나경원 사학
20170511,윤영찬,이정도,신다은,임종석,조국,임성빈,싸이,안민석,조국 민정수석,수상한 파트너,김수남,군주,설리,레알마드리드 아틀레티코마드리드,김옥빈,멜론티켓,김민준 디렉터,이낙연,김희철 투표,썰전
20170510,임종석,이낙연,서훈,조국,개표,투표율,대통령,주사파,싸이,차주혁,설리,김민준 디렉터,문재인 공약,임수경,안희정,개표현황,조국교수,노무현,수상한 파트너,19대 대선 득표율
20170509,투표율,출구조사,국민 투표로또,투표방법,투표소찾기,투표,투표시간,투표장소,개표방송,투표소,이재은,개표,개표 시간,개인주의자 지영씨,내 투표소 찾기,대선 투표율,투표 준비물,문재인 공약,대통령,성현아
20170508,하민호,마크롱,홍준표 장인,문용식,이재은,투표시간,마크롱 부인,박정이,소율,프랑스 대통령,맨유 아스날,프랑스 대선,어버이날 문자,어버이날 문구,조수용,신수이,이휘재 아버지,카네이션,투표장소,문희준
20170507,강릉산불,터널 결방,서지영,큐넷,키디비,이휘재 아버지,로또당첨번호조회,어버이날,강릉,이지혜,터널,블랙넛,미세먼지 농도,산불,이휘재,서현진,소향,인기가요,런닝맨,강릉산불 원인
20170506,키디비,황사,블랙넛,미세먼지 농도,공기청정기,강릉산불,미세먼지 마스크,프리허그,비밀예능 연수원,초아,미세먼지,토트넘 웨스트햄,토트넘,장문복,윤지성,문준용,강릉,정현,샌 안드레아스,터널 결방
20170505,유담 성희롱,유담,투표용지,어린이날,문준용,하태경,비밀예능 연수원,성현아,신동욱,투표율,맨유 셀타비고,어린이날 가볼만한곳,프리허그,황사,사전투표율,윤식당,2017 어린이날 행사,사전투표 시간,황태경,유승민 딸
20170504,사전투표 시간,사전투표소,함소원,사전투표 장소,사전투표율,국민 투표로또,이태곤,투표용지,백상예술대상,모나코 유벤투스,홍의락,유담,부곡하와이,공유,내일날씨,사전투표,챔피언스리그,유담 성희롱,근로자녀장려금,사전투표 준비물
20170503,레알마드리드 아틀레티코마드리드,문재인 세월호,sbs,백상예술대상,챔피언스리그,보안관,조윤희,함소원,석가탄신일,황영철,역적 결방,이동건,공유,고속도로교통상황,가디언즈 오브 더 갤럭시2,보스 베이비,굿바이싱글,서현진,롤 directx 오류,라이언 방
20170502,장제원,바른정당,조윤희,이동건,김성태,이준석,사전투표,트리플h,조윤희 나이,바른정당 탈당,김민석,김무성,리버풀,오연서,현아,역적,가디언즈 오브 더 갤럭시2,홍문표,정유미,황영철
20170501,사전투표,토트넘 아스날,트리플h,근로자의 날,근로자의날 은행,송대관,근로자의날,류현진,삼성중공업,현아,미세먼지,근로자의날 병원,근로장려금,5월 달력,이수경,근로자의날 택배,근로자의날 주식시장,이세영,삼성중공업사고,가요무대
20170430,옥주현,정준하 육개장,김소연,김소영,로또,마리텔,홍성흔,오상진,근로자의날,미세먼지,무한도전,최정윤,인기가요,개리,정종철,이세영,전두환,레알마드리드 발렌시아,토익,msi
20170429,최정윤,리니지2 레볼루션,윤태준,라붐,고속도로교통상황,권현빈,조보아,준호,김부겸,정현,이대호 퇴장,오승환,프로듀스 101 시즌2 투표,lpga,무한도전,남재준,롤 msi,이대호,박우담,스카이스포츠
20170428,김종인,수란,전혜빈,이은재,맨유 맨시티,이준기,엄태웅,10억달러,라붐,근로장려금,폴워커,2호선,크라임씬 시즌3,외모지상주의,썰전,나혜미,lpga,해피투게더,유라,뮤직뱅크
20170427,,나혜미,에릭,올레폰안심플랜 환급,해피투게더,엠카운트다운,LG전자,자체발광 오피스,썰전,배정남,신정환,삼성SDS,마르코,프로메테우스,추리의 여왕,근로장려금,김영희,배영수,황금주머니,외모지상주의
20170426,,,,,,,,,,,,,,,,,,,,
20170425,,,,,,,,,,,,,,,,,,,,
20170424,,,,,,,,,,,,,,,,,,,,
20170423,,,,,,,,,,,,,,,,,,,,
20170422,,,,,,,,,,,,,,,,,,,,
20170421,,송민순,최규선,외모지상주의,썰전,유로파리그,맨유 안더레흐트,유담,내곡동,맨투맨,홍준표 돼지발정제,맨유,함소원,해피투게더,심상정 아들,주적,지지율,안더레흐트,추리의 여왕,두꺼비
20170420,주적,문재인 주적,정의당,효리네 민박,오윤아,함소원,바르셀로나 유벤투스,이마트문화센터,대선토론,곡우,신이,이창명,이정희,홈플러스 문화센터,썰전,모나코 도르트문트,김성령,한끼줍쇼,롯데마트 문화센터,유시민
20170419,김성령,레알마드리드 바이에른뮌헨,문재인펀드,문재인 1번가,대선토론,스타크래프트 1.18,에이미,지연,문지애,장시환,레스터 아틀레티코,정준영,다이아,빈지노,류현진 중계,419혁명,레알마드리드,애타는 로맨스,ufc 승부조작,챔피언스리그
20170418,애타는 로맨스,갤럭시s8 붉은액정,문재인 1번가,정겨운,나혜미,예정화,에릭,곽부성,혼술남녀,팡위안,샤넌,한국사능력검정시험,노블레스,문재인 유세차량 사고,임기영,귓속말,테임즈,아스날,그녀는 거짓말을 너무 사랑해,역적
20170417,나혜미,에릭,예정화,맨유 첼시,안철수 포스터,김의성,설리,이제석,이수련,대선후보,공민지,런닝맨,최재훈,신성현,문재인 유세차량 사고,조원진,대통령 후보,애타는 로맨스,전소민,첼시
20170416,세월호,언니는 살아있다,부활절,설리,콜드플레이,김의성,최대철,런닝맨,더 플랜,lpga,ufc,터널,전소민,인기가요,로또,아버지가 이상해,바르셀로나,김유리,박은빈,이상민
20170415,,,,,,,,,,,,,,,,,,,,
20170414,,,,,,,,,,,,,,,,,,,,
20170413,,,,,,,,,,,,,,,,,,,,
20170412,,,,,,,,,,,,,,,,,,,,
20170411,,,,,,,,,,,,,,,,,,,,
20170410,,,,,,,,,,,,,,,,,,,,
20170409,,,,,,,,,,,,,,,,,,,,
20170408,,,,,,,,,,,,,,,,,,,,
20170407,,,,,,,,,,,,,,,,,,,,
20170406,,,,,,,,,,,,,,,,,,,,
20170405,,,,,,,,,,,,,,,,,,,,
20170404,,,,,,,,,,,,,,,,,,,,
20170403,,,,,,,,,,,,,,,,,,,,
20170402,,,,,,,,,,,,,,,,,,,,
20170401,,,,,,,,,,,,,,,,,,,,
20170331,,,,,,,,,,,,,,,,,,,,
20170330,,,,,,,,,,,,,,,,,,,,
20170329,,,,,,,,,,,,,,,,,,,,
20170328,,,,,,,,,,,,,,,,,,,,
20170327,,스텔라장,,,,,,,,,,,,,,,,,,
20170326,,530gp,최진이,도연주,포르투갈 헝가리,스텔라장,민아리,아폴로13,더 게스트,백종호,불가리아 네덜란드,클리블랜드 워싱턴,목포 서울순대,김유곤,신재평,죽력고,강산무진도,송화백일주,1번국도,이소라 제발
20170325,,아나필락시스,미국 온두라스,스페인 이스라엘,세월호 반잠수선 선적 완료,어크로스 더 유니버스,고은채,마이더스 어드벤쳐,그댄 달라요,대한항공 현대캐피탈,김영철 누나,허지웅 온천,정태욱,데빈 부커,김시운,프로즌 그라운드,,,,
20170324,,아나필락시스,세월호 구름,이란 카타르,일본 uae,김재형,파울리뉴,박훈,세월호 외부 충격,외달도,이나다 도모미,트루밥쇼,세월호 모습,임기영,9단조개찜,반값다이아몬드,마이크 모하임,고기야채찜,세월호 구름 원주,시리아 우즈베키스탄
20170323,,세월호 구름,런던 테러,세월호 인양 방송,세월호 인양상황,민주당 경선 투표 결과,시리아 우즈베키스탄,세월호 인양이 늦어진 이유,2018 러시아 월드컵 최종예선 순위,세월호인양 늦어진 이유,네이버 카페 점검,권도우,고명진,세월호 미수습자 9명,선미램프,세월호 구름 공군,고박,공우영,경찰합격자발표,오버워치 점검
20170322,,류현진 밀워키 중계,박근혜 귀가,오버워치 점검,학교폭력 실태조사 사이트,소규조수,세월호 시험인양 시작,권도우,심학봉,루크 그레거슨,날아라 병아리,콜렉션,아이패드 9.7,삼겹살 떡볶이,두부면,바둑 장생,플레이스 비욘드 더 파인즈,성인지예산,센가 코다이,스가노
20170321,,정유라 변호사 돌연사,박근혜 생중계,안젤리나,시즈닝 하우스,박근혜 검찰 소환 시간,화재매장,사형수의 편지,한국미래기술,도끼등갈비,삥땅,차재용,엔시티의 나잇나잇,에드윈 디아즈,박근혜 검찰 출두,문재인 아들 해명,박근혜 출두,박근혜 검찰 출석,외사경찰,박근혜 검찰소환 생중계
20170320,,온시우,정유라 변호사,정유라 변호사 돌연사,바르셀로나 발렌시아,세계 행복의 날,토트넘 사우샘프턴,아이유 밤편지,정재봉,wale,fading away,정두영,카카오톡 오류,가비아디니,권해성,민병숙,이혜경,생활의달인 팬케이크,복면가왕 서커스걸,요시다 마야
20170319,,온시우,오멘,복면가왕 서커스걸,로만 곤잘레스,맨유 미들즈브러,임병수,박수삼촌,복면가왕 김탁구,허임,스리사켓,복면가왕 진달래,이수련,복면가왕 닥터피쉬,복면가왕 개나리,김동혁,복면가왕 야구소녀,멋진 악몽,복면가왕 포장마차,자밀킴
20170318,,소래포구 화재,엄석대,무한도전 오버워치,신서유기 2.5 확장판,소래포구 어시장 화재,아중저수지,가수김희진,정미조,가파도짬뽕,블랙의 50가지 그림자,홍진영 걸그룹,소래포구 종합어시장 화재,울프캅,데블,,,,,
20170317,,우범곤,강윤구,류상욱,생생정보소고기무한리필,배용제,줄리엣 비노쉬,900원커피,다니엘 튜더,영화 발렌타인,시그널 황의경,,,,,,,,,
20170316,,자체발광 오피스,이수근 아내,정다은,조우종,모나코 맨시티,미국 금리인상,cj채용,이수근,큐넷,군주,한끼줍쇼,티아라,챔피언스리그,아이폰8,라디오스타,혜림,김과장,황우슬혜,팔카오
20170315,테슬라,로타바이러스,아이언,아이폰8,5월 임시공휴일,차준환,로버트 켈리,롤점검,화영,지상욱,양익준,bbc 방송사고,하주석,개헌,기아자동차 채용,챔피언스리그,동아제약,레스터시티,연금복권,수목드라마
20170314,아이언,화영,최민용 첫사랑,김민희,홍상수,김우리,서정희,방예담,첼시 맨유,한승혁,최민용,최성,미나 뱀뱀,노블레스,김평우,화이트데이,김진태,김소혜,토익,역적
20170313,손흥민,손혜원,대왕카스테라,미나 뱀뱀,김민희,홍상수,방예담,엔화,손흥민 해트트릭,윤전추,토트넘 밀월,런닝맨,토트넘,꽃놀이패,김재욱,하이라이트,화이트데이,레알마드리드,k팝스타6,갓세븐
20170312,청와대,김희선,미세먼지,로또당첨번호조회,김희선 딸,류현진,인기가요,런닝맨,91마일,ufc,류현진 시범경기,사저,대림동,영등포,k팝스타6,대왕카스테라,로또,박민영,박근혜 사저,민경욱
20170311,김동성,나혼자산다,장시호,이정미,정글의법칙,박근혜,박병호,박사모,무한도전,로버트 켈리,김희선,박근령,서울대,탄핵선고영상,그것이 알고싶다,음악중심,미세먼지,이광필,미운우리새끼,로또당첨번호조회
20170310,이정미,박근혜,심상정,이광필,프로듀스 101 시즌2,박사모,김동성,정미홍,장시호,탄핵,반지의 여왕,이정미 재판관,탄핵선고영상,김경현,기각,박근혜 탄핵,더크로스,유로파리그,최서원,맨유
20170309,바르셀로나 파리생제르망,정미홍,장용준,프로듀스 101 시즌2,바르셀로나,챔피언스리그,인용,차세찌,2017년 3월 모의고사,남희석,코레일 채용,한채아,탄핵,2017년 3월 모의고사 등급컷,엠카운트다운,쇼미더머니6,도르트문트 벤피카,한국 대만,한끼줍쇼,미씽나인
20170308,챔피언스리그,김한솔,천리마민방위,아파트투유,한국세무사회자격시험,콩 스컬 아일랜드,이연수,한채아 차세찌,귓속말,역적,임창정,쇼챔피언,신린아,나폴리 레알 마드리드,윤제문,아스날 뮌헨,탄핵,반지의 여왕,님과 함께 2 - 최고의 사랑,연금복권
20170307,박근혜 300억,표창원,냉장고를 부탁해,김종인,wbc,박봄,임창정,한국 네덜란드,노블레스,신동욱,반지의 여왕,표창원 현수막,첼시,일본 쿠바,사드,권해봄,브레이브걸스,벤덴헐크,경복궁 별빛야행,천우희
20170306,wbc,박봄,토미 페이지,마은진,여자친구,차이나는 클라스,홍라희,설리 최자,신의탑,이선애,송재경,2017 wbc 일정,오마이tv,이선애변호사,김희선,k팝스타6,맨시티,박근혜 300억,내겐 너무 아찔한 그녀,특검수사결과
20170305,경칩,서예지,토미 페이지,김희선,큐넷,ufc,아버지가 이상해,당신은 너무합니다,리버풀 아스날,로또,손연재,리버풀,바르셀로나 셀타비고,복면가왕,미세먼지,신서유기,k팝스타6,이스케이프,마은진,마마무
20170304,권혁수,이종만,강동원,급성구획증후군,양수진,큐넷,고등래퍼,나혼자산다,터널,무한도전,아버지가 이상해,성유리,미세먼지,그것이 알고싶다,마마무,서예지,이수혁,최웅,당신은 너무합니다,민욱
20170303,오연아,토레스,오버워치신규영웅,삼겹살데이,민욱,철구,서신애,강동원,김기두,강정호,사드,이종만,조혜정,허경영,썰전,차세찌,cbs라디오,급성구획증후군,외모지상주의,지승현
20170302,김기두,차세찌,민욱,한채아,한끼줍쇼,두경부암,허경영,철구,롤챔스,미씽나인,예방접종도우미사이트,연금복권,정채연,롤 점검,레알마드리드,최민용,아파트투유,라디오스타,바르셀로나,대구날씨
20170301,태극기,3.1절,삼일절,해빙,황인영,문화누리카드,그녀를 찾아줘,유관순,류정한,김문수,예방접종도우미사이트,롤 점검,조윤희,이동건,오버워치 시즌4,라디오스타,정채연,연금복권,완벽한 아내,태극기집회
20170228,이동건,조윤희,완벽한 아내,태연,문라이트,호라이즌 제로 던,로건,삼일절,이규철,박병호,노블레스,리버풀,3.1절,옥자,피고인 미공개,국가장학금,내성적인 보스,구구단,임세미,아카데미 시상식
20170227,맨유 사우스햄튼,국가장학금,아카데미 시상식,g6,문라이트,샤넌,황교안,엠마스톤,라라랜드,맨유,오지은,김영애,구구단,레알마드리드,권성동,k팝스타6,봉구,복면가왕 강남제비,월화드라마,완벽한 아내
20170226,한채아,강예원,최다빈,인기가요,로또당첨번호조회,복면가왕 강남제비,황재균,박병호,봉구,전소미,황재균 홈런,김시스터즈,서예지,k팝스타6,복면가왕,힘쎈여자 도봉순,g6,미세먼지,강예원 나이,공명
20170225,힘쎈여자 도봉순,최하민,공명,정혜성,고등래퍼,음악중심,조준호,리니지2 레볼루션 공식카페,최다빈,나혼자산다,리니지2 레볼루션,wbc,노크노크,한채아,하이라이트,미세먼지,우리결혼했어요,후지이 미나,한국 쿠바,무한도전
20170224,김슬기,윤진서,나혜미,하이라이트,뮤직뱅크,강하늘,최다빈,에릭,비스트,외모지상주의,흐엉,이영선,안철수,조광현,비투비,힘쎈여자 도봉순,백예린,유로파리그,썰전,토트넘
20170223,나혜미,에릭,심소영,오윤아,강성태,엠카운트다운,유승준,5월 임시공휴일,롤 점검,한진해운,맨유 생테티엔,레알마드리드 발렌시아,매스 스타트,금오공대,박보영,신양남자쇼,졸혼,임지안,류현경,iem
20170222,양수경,오민석,이은주,오민석판사,23 아이덴티티,기각,가온차트,2017 가온차트 K-POP 어워드,우병우,졸혼,맨시티 모나코,금오공대,박태남,김평우,싱글라이더,조성윤,맨시티,루시드드림,대구지하철,내성적인 보스
20170221,초인가족,김소영 아나운서,오상진,김한솔,심석희,트와이스 knock knock,우병우,정유미,노블레스,내성적인 보스,역적,오승아,2017 삿포로 동계 아시안게임,여성시대,송해,이상화,화랑,판커신,안희정,태영호
20170220,트와이스 knock knock,2017 삿포로 동계 아시안게임,조현영,김지영,마은진,아시아나항공,하백의신부,트와이스,제주공항,아시아나항공 해킹,윤지민,유지나,알렉스,김민희,초인가족,예비군,김평우,금복주,아시아나 해킹,우병우
20170219,김민희,김지영,홍상수,밤의 해변에서 혼자,우병우,노수산나,로또당첨번호조회,이훈,배성우,무한도전,서현,킹스맨,마리텔,손연재,복면가왕,민진웅,서주경,월계수 양복점 신사들,복면가왕 코끼리,인기가요
20170218,양홍원,손연재,최하민,문지효,딕키즈 크루,이수린,우수,무한도전,이훈,우병우,한진해운,김용민,고등래퍼,마크,힘쎈여자 도봉순,광주 지진,자이언티,태연,그것이 알고싶다,허지웅
20170217,이재용 구속,삼성전자,한진해운,이부진,이재용,호텔신라,김규리,김민희,에릭남,김용민,한정석,홍상수,생동성연애,한정석판사,유로파리그,포켓몬고,토트넘,외모지상주의,삼성,뮤직뱅크
20170216,황승언,홍준표,명세빈,장리,덤파운디드,강형욱,골종양,유아인,챔피언스리그,각하,열살차이,레알마드리드 나폴리,아스날 뮌헨,볼빨간사춘기,안철수,정규재tv,김민희,부관참시,권선택,이재용
20170215,장리,챔피언스리그,재심,김정남,김한솔,엔화 환율,장신영,유퉁,김정철,주진모,골종양,더불어민주당 경선 참여,최경희,유아인,성혜림,이주연,커크김,하숙집 딸들,생동성연애,원정화
20170214,유퉁,나다,원화,발렌타인데이,소년24 화영,소년24,이재용,김정남,아델,김진,생동성연애,비가와,예비군,커크김,맨시티,노블레스,오연아,최설화,김정남 피살,김정은
20170213,대전 지진,아델,비욘세,지진,신나라레코드,소율,k팝스타6,고은성,이재용,방탄소년단 봄날,신의탑,발렌타인데이,대선주자 국민면접,방탄소년단,빙구,김의성,아이비,최설화,문희준,기성용
20170212,장제원,장용준,소율,천선유,ufc,토트넘 리버풀,로드fc,로또,월계수 양복점 신사들,장제원 아들,문희준,김혜영,레알마드리드,한바다중학교,신서유기,k팝스타6,불어라 미풍아,토익,장제원 子 장용준,동물농장
20170211,장용준,장제원,정월대보름,고등래퍼,세인트폴국제학교,로드fc,나혼자산다,정다빈,김현중,언니들의 슬램덩크 시즌2,한채영,스윙스,mc그리,천선유,그것이 알고싶다,아이린,공민지,문희준,비스트,아는 형님
20170210,한보름,정다빈,썰전,최민용,티아라 아름,고등래퍼,정월대보름,심진화,티아라,원더걸스,이홍기,장서희,비스트,외모지상주의,변수미,장현승,국시원,이준혁,전인범,썰전 문재인
20170209,변수미,티아라,티아라 아름,송가연,박경혜,서현철,이용대,효영,정문홍,화영,엘조,김선신,고영태,한끼줍쇼,홍진영,김종태,라디오스타,리니지2 레볼루션,썰전,정관 정전
20170208,송가연,정문홍,김준수,김선신,김민석,롤 점검,심화진,박선영,피고인,신의 선물,내성적인 보스,전인범,역적,차예련,언브로큰,바르셀로나 at마드리드,군함도,화랑,김무성,리그오브레전드
20170207,한국사능력검정시험,김준수,내성적인 보스,스피카,본부이엔티,정다은,손학규,노블레스,고영태,소율,피고인,vms,역적,제주 토스카나호텔,경기도교육청,구제역,용의자,광희,김부겸,김수현 안소희
20170206,빙구,구제역,정다은,희망키움통장,고영태,조우종,소율,하시은,정찬성,블락비,스피카,슈퍼볼,k팝스타6,맨유 레스터,월화드라마,안병훈,김문수,신의탑,정소민,오늘의운세
20170205,정찬성,정소민,ufc,고민정,정찬성 복귀전,토트넘 미들즈브러,조우종,인기가요,장성규,미세먼지,로또,신서유기,희망키움통장,최성희,k팝스타6,복면가왕,그것이 알고싶다,최두호,이규연의 스포트라이트,프리미어리그
20170204,구혜선,신혼일기,버저비터,내일 그대와,안재현,동탄 메타폴리스,입춘,내 집이 나타났다,입춘대길,박병호,그것이 알고싶다,아는 형님,박채윤,동탄 메타폴리스 화재,정소민,첼시 아스날,정찬성,선화예고,동탄 화재,로또당첨번호조회
20170203,유시민 딸,유시민,유승민딸,유담,급성구획증후군,선화예고,유승민,이다해,내일 그대와,신혼일기,큐넷,한진해운,썰전,문근영,외모지상주의,미세먼지,뮤직뱅크,경기도교육청,구혜선,세븐
20170202,예정화,한진해운,마동석,황정음,김정민,티켓링크,자이언티,한끼줍쇼,롤챔스,황교안,박채윤,오버워치 점검,이재정,진학사어플라이,전소미,썰전,맨시티,김과장,동국제강,이소은
20170201,자이언티,강봉균,사이버국가고시센터,수목드라마,레드벨벳,넵튠,리버풀 첼시,이강인,황교안,반기문,레드벨벳 루키,김규현,epl,자동차세 연납 신청 방법,나경원,토트넘,경기도교육청,역적,신혼일기,토트넘 선덜랜드
20170131,2017년 자동차세 연납,위택스,역적,카드포인트통합조회,유재경,루이,1365,오빠생각,주먹쥐고 뱃고동,김태리,국민건강보험공단,채수빈,인터넷지로,위택스 자동차세 연납,내성적인 보스,월화드라마,신드롬맨,워크넷,노블레스,안희정
20170130,오빠생각,천국사무소,농협거래중지,채수빈,김소희,아육대,농협거래중단,임수향,엣지 오브 투모로우,기술자들,맨유위건,미션임파서블 로그네이션,엄마의소개팅,샤넌,피오,레알마드리드,엄마의 소개팅,역적,스타쉽 트루퍼스,싱 스트리트
20170129,토트넘 위컴,손흥민,사십춘기,설날TV영화,발칙한 동거,아킨펜와,뜻밖의 미스터리 클럽,모아나,라라랜드,마일즈 텔러,토트넘,ufc,퍼펙트스톰,엠마스톤,사운드오브뮤직,피오,한은정,임수향,스플릿,뜻밖의미스터리클럽
20170128,발칙한 동거,팬텀싱어,존 허트,한은정,지방쓰는법,포켓몬고등급,이기광,고속도로교통상황,검사외전,차례상 차리는법,나혼자산다,사십춘기,설날,검은사제들,떡국 끓이는법,현고학생부군신위,차례 지내는 방법,영화,주피터 어센딩,2017년 새해인사말
20170127,사임당,고속도로교통상황,미세먼지,우주의 별이,국세청홈텍스연말정산,맨유 헐시티,설특선영화,원더걸스,외모지상주의,박영선,이영애,지방쓰는법,포아너,한은정,설 인사문구,해피투게더,맨유,포켓몬고등급,발칙한 동거,히말라야
20170126,고속도로교통상황,정규재,한끼줍쇼,연애혁명,김과장,혜이니,실시간 교통정보,박원순,원더걸스,이경재,군함도,2017년 새해인사말,설특선영화,사임당,강적들,유승민,최순실,한수지,서래마을,리버풀 사우스햄튼
20170125,군함도,류태준,최순실,리니지2 레볼루션,한수지,표창원,신나라레코드,포켓몬고,헤이즈,정규재,이연수,정규재tv,이태원 살인사건,이대호,유이,롤 점검,전안법,tpp,최경희,이상윤
20170124,포켓몬고,전안법,표창원,이대호,피고인,tpp,우주의 별이,황동주,더러운잠,아이유,황재균,노블레스,월화드라마,더러운 잠,조우진,표창원 더러운잠,조현영,설날,오늘날씨,퍼니셔
20170123,아이유,안희정,마르테,장기하,유진룡,월화드라마,포켓몬고,박하선,이재명,요다노 벤추라,피고인,설날,황교안,김소희,k팝스타6,하백의신부,첼시 헐시티,남상미,도깨비 종방연,첼시
20170122,손흥민,토트넘 맨시티,안희정,우주소녀,이다영,국세청 연말정산 간소화,유인나,김고은,로또,도깨비 종방연,김재규,맨유 스토크,공유,이마트 휴무일,이동욱,인기가요,홈플러스 휴무일,잠실새내역,프리미어리그,복면가왕
20170121,트럼프,헨리,2ne1,수지 화보,한수지,조윤선,도깨비 15화 예고,도깨비14화,박봄,그것이 알고싶다,한국사능력검정시험 34회,공민지,팬텀싱어,편의점을 털어라,한국사능력검정시험,무한도전,황태순,나혼자산다,김고은,로또
20170120,조보아,정청래,서인영,성창호,조윤선,연말정산 자동계산기,수지 화보,눈,아티스트컴퍼니,조의연,온주완,외모지상주의,박형준,고속도로 교통상황,정인선,하정우,썰전,황교익,박봄,조윤선 자백
20170119,조의연,서인영,조의연판사,기각,서가대,미씽나인,이재용 구속,가회동성당,안재욱,이재용,이마트문화센터,이명박,이하늬,정현,장희령,한끼줍쇼,뮤지컬 영웅,맨몸의 소방관,양준모,최진호
20170118,주원,보아,아이오아이,롤챔스,미세먼지,박명수,김연경,공조,더킹,박시은,김태희,내성적인 보스,아이오아이 소나기,미씽나인,조의연,서인영,수목드라마,고아라,강동원,니키타
20170117,내성적인 보스,김태희,서현,롤챔스,퇴주잔,비,수지,반기문 퇴주잔,낭만닥터 김사부,알렉스,노블레스,그리즈만,노유정,박유천,화랑,asl,한은정,박명수,김혜수,정현
20170116,맨유 리버풀,연말정산 계산기,반기문 턱받이,서현,국세청,2017년 자동차세 연납,샤넌,연말정산 간소화서비스,최순실,국세청 연말정산 간소화서비스,이인제,k팝스타6,레알마드리드 세비야,한은정,bj펜,레알마드리드,보이스,이재용,복면가왕 호빵왕자,내성적인 보스
20170115,보이스,국세청 연말정산 간소화서비스,비,김기춘,연말정산 계산기,김태희,국세청,복면가왕 호빵왕자,로또,여수 수산시장,인기가요,epl,ufc,최민용,고영태,박지원,k팝스타6,아진산업,첼시 레스터,이수민
20170114,고영태,윤현민,편의점을 털어라,팬텀싱어,나혼자산다,골든디스크,도깨비 ost,보이스,박세일,미운우리새끼,무한도전,도깨비,정글의법칙,마크정식,그것이 알고싶다,아는 형님,손혜원,기동민,공유,김고은
20170113,맨몸의 소방관,골든디스크,이재용,유한킴벌리,외모지상주의,하기스 물티슈,엄마가 뭐길래,미씽나인,고영태,윤유선,레알마드리드 세비야,금명,박원순,해피투게더,썰전,노홍철,조희팔,바다,밀라 요보비치,김규리
20170112,바다,이재용,노홍철,김경숙,이영선,비와이,곽현화,블랙핑크,srt,트럼프,지수,미씽나인,아이,반기문,최창엽,행복주택,박용근,류재영,딘딘,리버풀
20170111,곽현화,맨유 헐시티,변희재,조형기,휴면계좌통합조회,최창엽,도깨비 결방,류재영,반기문,롤 점검,장시호,조경훈,맨유,김고은,박용근,주간아이돌,코레일,이태곤,정원스님,외부자들
20170110,코레일,장시호,배윤정,조윤선,김형은,호란,정원스님,2017 설 기차표 예매,이용주,5월 임시공휴일,신아영,노승일,제롬,설날,위택스,노블레스,ktx예매,조승연,강소라,오버워치 점검
20170109,조윤선,청문회,호란,김정훈,노승일,바른정당,손흥민,신서유기3,바르셀로나,김소희,정동춘,이용주,문제적남자,k팝스타6,토트넘 아스톤빌라,은밀하게 위대하게,런닝맨,신의탑,정원스님,복면가왕
20170108,정원스님,우병우,이태곤,aoa,정규재,10억엔,로또,설현,복면가왕,인기가요,신서유기3,월계수 양복점 신사들,바른정당,광화문 분신,그것이 알고싶다,한성호,아스날,도깨비 12화,k팝스타6,채수빈
20170107,박하선,류수영,한유미,팬텀싱어,내성적인 보스,이태곤,김연경,도깨비 간신,김병철,이시언,그것이 알고싶다,설민석,맨유 레딩,마음의소리,나혼자산다,임창정,어쩌다 어른,음악중심,무한도전,정준영
20170106,서석구,윤전추,우태운,삼성전자,임창정,썰전,경주 지진,지진,외모지상주의,해피투게더,신서유기3,유인영,초치,뮤직뱅크,정글의법칙,나다,존리,인생술집,팬텀싱어,김사랑
20170105,이순재,윤전추,토트넘 첼시,김동선,최민용,한지혜,신서유기3,서민정,임창정,최유정,소한,서석구,조미령,해피투게더,레알마드리드 세비야,썰전,손흥민,라디오스타,토익,엠카운트다운
20170104,정유라 패딩,권민중,정미홍,에이프릴,일라이,천호식품,주간아이돌,우주소녀,정미홍아나운서,아스날,안희정,전원책,심이영,한진해운,라디오스타,외부자들,박수홍,수목드라마,연봉탐색기,최원영
20170103,전원책,천호식품,jtbc 신년토론,유승민,유시민,비정상회담,별똥별,하백의신부,경기도교육청,셜록 시즌4,정미홍,이재명,송인서적,노블레스,미세먼지,인명진,김세정,악동뮤지션,맨유 웨스트햄,정유라
20170102,박지만,정유라,박지만 수행비서,이휘재,복면가왕 아기천사,김경숙,김명훈,테슬라,jtbc,aoa,셜록 시즌4,덴마크,이완영 덴마크,정유라 체포,미세먼지,크리샤츄,유승민,2017년 주식시장 개장일,전원책,이재명
20170101,이휘재,테슬라,송중기,일출시간,한석규,손지창,김명훈,소찬휘,해돋이,복면가왕 아기천사,리버풀 맨시티,정유년,2016 sbs 연기대상,무한도전 위대한 유산,박지만,송혜교,미세먼지,떡국 끓이는법,박보검,2016 kbs 연기대상
20161231,이종석,ufc 207,김동현,론다 로우지,2016 mbc 연기대상,신혼일기,서하준,2017년 새해인사말,월하노인,이인화,구혜선,류철균,2016 mbc 가요대제전,김소연,2016 sbs 연기대상,2016 kbs 연기대상,이종석 수상소감,송박영신,무한도전,마음의소리
20161230,2017년 새해인사말,유재석,2016 mbc 연예대상,종무식,송해,2016 mbc 연기대상,정준하,김재중,정유년,이상우,신화,썰전,역도요정 김복주,푸른 바다의 전설,2016 kbs 가요대축제,부산동구청,박사모,론다 로우지,인생술집,ufc 207
20161229,신천지,손흥민,반기문 신천지,조항리,이지현,김혜진,토트넘,2016 kbs 가요대축제,류상욱,제니퍼로페즈,한끼줍쇼,승리,라디오스타,푸른 바다의 전설,조윤선,2016 mbc 연예대상,퀄컴,외부자들,출산지도,대호
20161228,외부자들,김정민,캐리 피셔,문형표,힙합의 민족 2,치타,조윤선,한국장학재단 채무자신고,리버풀,이민아,전여옥,대종상,한진해운,퀄컴,장성환,라디오스타,정봉주,동국제강,주간아이돌,배당락
20161227,엄정화,나경원,유진룡,전경련,김새롬,조지 마이클,동국제강,대종상,유아인,오케이션,2016 sbs 가요대전,조윤선,이민아,김진태,공서영,낭만닥터 김사부,맨유,태영호,낭만닥터 김사부 결방,빅뱅
20161226,2016 sbs 연예대상,세월x,조지 마이클,박나래,조윤선,2016 mbc 연예대상,세월호 잠수함,조지마이클,자로 세월호,2016 sbs 가요대전,김새롬,양세형,자로,신동엽,런닝맨,천정배,전소미,세월호,이광수,국회방송
20161225,자로 세월호,세월x,자로,2016 kbs 연예대상,김종민,이규연의 스포트라이트,유인영,연예대상,세월호,2016 sbs 연예대상,로또,우신,인기가요,아이린,전소미,미세먼지,아델,메리크리스마스,이엘,유재석
20161224,윈도우10 베네수엘라,김새롬,이찬오,팬텀싱어,마음의소리,박연차,연예대상,크리스마스 이브,김어준의 파파이스,자로,크리스마스 캐롤,나홀로집에,크리스마스 영화,음악중심,윈도우10 대란,무한도전,너의 이름은,그것이 알고싶다,나혼자산다,환율
20161223,이슬비,이슬비 대위,인명진,조여옥,노승일,뮤직뱅크,백승주,조순제,이찬오,김경진,조순제 녹취록,김새롬,우병우,최순실 10조,공가,인명진목사,6차 청문회,썰전,하태경,안민석
20161222,조여옥,우병우,노승일,이재정,자로,리차드막스,민효린,하태경,백승주,조여옥 대위,청문회 생중계,부산날씨,김성태,한끼줍쇼,이완영,한국세무사회자격시험,황교안,라디오스타,김기동,이재정의원
20161221,리차드막스,동지,실족사,자로,볼빨간사춘기,콜드플레이,반기문,지동원,대한항공 기내난동,홍대 실종,팥죽,정봉주,서경석,휴면계좌통합조회,정유라,김보성,코스프레,화랑,마스터,세월호 진실
20161220,화랑,휴면계좌통합조회,이회창,베를린,신이,터키,노블레스,동지,러시아 대사,자로,칠레 외교관,신애,메르스,김보성,낭만닥터 김사부,양현종,최순실,거미,마스터,심태윤
20161219,칠레 외교관,박근혜 편지,키친 캐비닛,신애,화랑,최순실,박기영,블랙핑크,맨시티 아스날,엑소,최순실 재판,박사모,골든디스크,토트넘 번리,신의탑,이건령,복면가왕,월화드라마,양현종,기상청
20161218,신동욱,박지만,마마무,이건령,박근혜 편지,인기가요,박용철,이만희,그것이 알고싶다,로또,ses,미세먼지,박사모,복면가왕 하트여왕,이스케이프,육영재단,토익,레알마드리드 가시마,주진우,이건령검사
20161217,이만희,다니엘 헤니,솔로몬의 위증,김진태,이상미,이만희 의원,팬텀싱어,미세먼지,무한도전,그것이 알고싶다,나혼자산다,애니푼케,면세점,화랑,이연걸,유인영,로또,박사모,프리드로우,선우선
20161216,정우택,박범계,이연걸,정우식,김우리,김경숙,최경희,큐넷,박범계 웃음,이상미,그레이브스병,화랑,김유미,솔로몬의 위증,장제원,나경원,골든 탬버린,썰전,외모지상주의,표창원
20161215,정우식,강소라,런닝맨,현빈,조한규,최경희,김재원,미국 금리인상,김성원,신은경,김경숙,신보라,정윤회,이규혁,4차 청문회,토트넘 헐시티,에이핑크,박범계,이석수,김종덕
20161214,런닝맨,신보라,유민,이정후,이유영,신은경,다이빙벨,김성원,아키바 리에,이성한,김영재,김장수,이임순,이재학,윤전추,마이노스,아스날,진경준,김주혁,서창석
20161213,이유영,이정후,빅뱅 에라 모르겠다,빅뱅,김주혁,발롱도르,국가장학금,노블레스,다비드비야,우병우,한국사능력검정시험,계좌통합관리서비스,김무성,최재원,신성우,유민,진경준,우병우 현상금,울산 군부대,낭만닥터 김사부
20161212,계좌통합관리서비스,빅뱅,국가장학금,우병우,신성우,우병우 현상금,맨유 토트넘,미키타리안,유지니,1212사태,이장우,김태희,런닝맨,유승민,지진,복면가왕,k팝스타6,우병우 행방불명,이인제,이승우
20161211,계좌통합관리서비스,김보성,ufc,최두호,세월호 화물칸,로또,세월호,김태희,노유정,그것이 알고싶다,클럽월드컵,컵 스완슨,레스터 맨시티,런닝맨,epl,국정원,조유진,월계수 양복점 신사들,인기가요,은밀하게 위대하게
20161210,로드fc,김보성,김수로,최두호,ufc,황교안,가결,이정현 장 지진다,박근혜 탄핵,정혜성,최경환,공명,이정현,유시민,무한도전,마음의소리,나혼자산다,그것이 알고싶다,김어준의 파파이스,조대환
20161209,가결,황교안,박근혜 탄핵,탄핵,최경환,노무현 탄핵 이유,주식갤러리,썰전,이정현 장 지진다,노무현 탄핵 결과,노무현,이정현,고영태 위증,표결,탄핵 표결,헌법재판소,유시민,롤 올스타,위증,조대환
20161208,아이린,주식갤러리,서지혜,고영태,여명숙,굴포천,장시호,김기춘,3차 청문회,보금자리론,챔피언스리그,국회해산,썰전,이정현,이규혁,유상무,신보라,김재열,탄핵,srt
20161207,고영태,김기춘,장시호,주진형,이재용,여명숙,전경련,2017 수능 등급컷,청문회,김재열,이완영,챔피언스리그,김종,이재용 립밤,대설,정몽구,차은택,김영한,롤 점검,조원동
20161206,이재용,청문회,전경련,신주평,예정화,이완영,정몽구,정유라,정유섭,우병우,태반주사,주진형,장제원,김윤석,노블레스,이승철,정경유착,서유리,2017 수능 등급컷,최태원
20161205,신주평,정유섭,은밀하게 위대하게,이탈리아 국민투표,정유라,박태환,김윤석,헤이즈,맨유 에버튼,허경영,우규민,유인나,강연재,한광옥,k팝스타6,홍준표,국회방송,변희재,특근,이정희
20161204,손흥민,토트넘 스완지,박근핵닷컴,강연재,ufc,엘 클라시코,엄앵란,엘클라시코,은밀하게 위대하게,로또,기성용,인기가요,정이랑,런닝맨,강한울,윤창중,김나영,k팝스타6,임나영,미세먼지
20161203,박근핵닷컴,이수경,도깨비,윤창중,엘클라시코,이문열,2016 mama,한혜진,공유,위즈 칼리파,강정호,김고은,나혼자산다,권혁수,12월 3일 촛불집회,촛불집회,무한도전,첼시 맨시티,서울 수원,그것이 알고싶다
20161202,강정호,윤상현,이상아,장제원,표창원,마마,썰전,2016 mama,나르시시즘,윤석열,도깨비,정윤회,윤상현의원,국민의당,외모지상주의,해피투게더,유시민,박지원,이승환,박근혜 누나
20161201,장제원,표창원,맨유 웨스트햄,신동욱,국민의당,젝스키스,윤복희,윤석열,현기환,조윤선,박지원,안철수,연애혁명,박정희 생가,내게 남은 48시간,윤석열 검사,추미애,은지원,서문시장,정유미
20161130,서문시장,이연수,김종태,태극기,브라질,윤복희,샤페코엔시,다나,현기환,구본승,고지용,힙합의 민족 2,박영수,추자현,조윤선,장기용,이미쉘,신동욱,더킹,큐넷
20161129,정승환,태극기,노블레스,주진우,정승환 이바보야,박근혜 대국민 담화,박근혜 하야,이세영,대국민담화,문재인,낭만닥터 김사부,브라질,조승식,민경욱,비스트,박근혜,불야성,더폰,박영수,비정상회담
20161128,샤넌,이세영,ses,민경욱,지코,최민용,국정교과서,카스트로,복면가왕,미세먼지,정호성 녹음파일,최순득 연예인,맨유 웨스트햄,김소희,바르셀로나,k팝스타6,b1a4,신의탑,반기문,제이민
20161127,김재규,최태민,ufc,런닝맨,대전 지진,전북 알아인,최민용,토트넘 첼시,미세먼지,k팝스타6,인기가요,복면가왕,첼시 토트넘,프리미어리그,토익,이명주,함서희,정호성 녹음파일,무한도전,아는 형님
20161126,2016 청룡영화제,이국주,dj doc,첫눈,박정현,이하원,팬텀싱어,안투라지,11월 26일 촛불집회,촛불집회,무한도전,김민희,남태현,아는 형님,로또당첨번호조회,나혼자산다,우리갑순이,양동안,박봄,김어준의 파파이스
20161125,소율,문희준,노사봉,유지,이하원,노희지,남태현,아마존,2016 청룡영화제,설리,썰전,블랙프라이데이,외모지상주의,박봄,프리미엄 고속버스,우병우 아들,유로파리그,최형우,위너,맨유 페예노르트
20161124,산이,한석준,설리,챔피언스리그,최형우,차은택,라디오스타,비아그라,금시세,날씨,문희준,연애혁명,썰전,마음의소리,소율,재가,엔화,조우종,tpp,최재경
20161123,비아그라,사상누각,청와대 비아그라,콜드플레이,2016년 11월 모의고사,이재명,챔피언스리그,고산병,김무성,TPP,최재경,낭만닥터 김사부,서재경,토트넘 모나코,불야성,라디오스타,김현웅,김연아,정유라,레알마드리드
20161122,불야성,일본 지진,낭만닥터 김사부,소설,손연재,후쿠시마,남경필,고양이띠 요리사,석촌역,우리집에사는남자,이재명,김종,자라,신동욱,김기춘,김용태,김연아,오늘날씨,최순실 운전기사,이봉진
20161121,손연재,김연아,김연아 박근혜,정우성,이명박,늘품체조,장시호,월화드라마,이재명,박태환,탄핵,김경재,양학선,불야성,날씨,김진태,첼시 미들즈브러,김종,런닝맨,유제이
20161120,김연아,손흥민,레알마드리드 아틀레티코,복면가왕 양철로봇,그것이 알고싶다 7시간,토트넘 웨스트햄,ufc,나비잠,천호식품,그것이 알고싶다,피의자,손연재,늘품체조,우병우,런닝맨,신용재,프리미어리그,박태환,이재명,장시호
20161119,천호식품,박사모,그것이 알고싶다,계엄령,조우종,팬텀싱어,장시호,김어준의 파파이스,11월 19일 촛불집회,박태환,미세먼지,안투라지,촛불집회,김기춘,청와대,멜론뮤직어워드,추미애,무한도전,마동석 예정화,박근혜 계엄령
20161118,계엄령,박근혜 계엄령,썰전,박환희,장시호,마동석 예정화,외모지상주의,역도요정 김복주,두산 밥캣,전지현,추미애,오마이금비,2017 수능 등급컷,그것이 알고싶다,김진태,정윤회,수능 등급컷,2017학년도 수능,푸른 바다의 전설,뮤직뱅크
20161117,역도요정 김복주,푸른 바다의 전설,오마이금비,전지현,수능 시간표,수능,2017 수능 등급컷,수능 수학,수능 영어,수능 국어,수능 정답,엘시티,류재영,김진태,최창엽,라디오스타,블랙핑크,규현,송재희,엘시티 문재인
20161116,길라임,박근혜 길라임,류재영,최창엽,박준면,유영하,이센스,2018 러시아 월드컵 최종예선,푸른 바다의 전설,캐리어를 끄는 여자,차움병원,수목드라마,한국 우즈베키스탄,시크릿가든,힙합의 민족 2,2016 아시아 아티스트 어워즈,역도요정 김복주,채동욱,이정희,수능
20161115,프니엘,이정희,유영하,하만,한국 우즈베키스탄,슈퍼문,콜드플레이,대안학교,우리집에사는남자,2018 러시아 월드컵 최종예선,캐리어를 끄는 여자,채동욱,문재인,삼성전자,추미애,황금주머니,일본 사우디,수능,김종필,낭만닥터 김사부
20161114,슈퍼문,차은우,추미애,김종필,뉴질랜드 지진,하만,소사이어티 게임,복면가왕,수능,이승환,지진,김유정,푸른 바다의 전설,월화드라마,영수회담,오늘날씨,코너 맥그리거,표창원,아버님 제가 모실게요,정진우
20161113,ufc,설민석,아버님 제가 모실게요,김제동,코너 맥그리거,김유정,로또,무한도전,그것이 알고싶다,팩트TV,인기가요,복면가왕,이승환,황우슬혜,런닝맨,뉴질랜드 지진,미세먼지,월계수 양복점 신사들,암살,아이비
20161112,박진주,이재정,남보라,그것이 알고싶다,김제동,나혼자산다,황교안,팬텀싱어,광화문,팩트TV,광화문 집회,무한도전,길가에 버려지다,곽동연,촛불집회,로또,이재정의원,청와대,조윤선,한국 나이지리아
20161111,최순실 연예인,길가에 버려지다,정유라,조윤선,썰전,박지원,빼빼로데이,한국 캐나다,쇼핑왕 루이,경리,공항가는길,안민석,브라질 아르헨티나,어버이연합,이정현,황교안,외모지상주의,모니카,뮤직뱅크,질투의 화신
20161110,차은택,삼성바이오로직스,질투의 화신,공항가는길,트럼프,한일 군사정보보호협정,쇼핑왕 루이,도도맘,오바마,한국 잉글랜드,힐러리,최순실 연예인,강용석,위택스,기아자동차 채용,안민석,빼빼로데이,다우지수,어버이연합,엠카운트다운
20161109,트럼프,미국 대선,이미쉘,차은택,트럼프 공약,힐러리,오바마,cnn,한일 군사정보보호협정,엔화,미국 대선 결과,유시민,힙합의 민족 2,낭만닥터 김사부,한보름,코스피,길용우,이홍기,라디오스타,플로리다
20161108,낭만닥터 김사부,미국 대선,길용우,유시민,대구 여고생 발언,서현진,마음의소리,정성이,우병우,박해진,우리집에사는남자,차은택,문지인,후쿠오카,캐리어를 끄는 여자,오바마,날씨,기상청,손학규,제보자들
20161107,최홍만,권아솔,우병우,입동,마음의소리,미국 대선,가온,박승주,비투비,월화드라마,맨유 스완지,라연,박근혜 굿,낭만닥터 김사부,마마무,런닝맨,세비야 바르셀로나,프리미어리그,이래나,스타쇼360
20161106,우병우,이래나,오버워치 월드컵,파퀴아오,로또,미세먼지,ufc,인기가요,그것이 알고싶다,월계수 양복점 신사들,복면가왕,프리미어리그,아는 형님,사도,추성훈,이번 주 아내가 바람을 핍니다,런닝맨,토트넘 아스날,지진,옥중화
20161105,안투라지,이소라,이래나,오버워치 월드컵,그것이 알고싶다,미세먼지,임창정,광화문,백남기,나라,블리즈컨,무한도전,미운우리새끼,유시민,나혼자산다,신동욱,아는 형님,이번 주 아내가 바람을 핍니다,로또,더케이투
20161104,유시민,천부교,썰전,임창정,외모지상주의,대국민담화,김희정,전원책,비문,한수연,미세먼지,유로파리그,안투라지,맨유,뮤직뱅크,지진,박근혜 지지율,강은희,박근혜 대통령 대국민 사과,황희찬
20161103,공항가는길,회오리축구단,개각,장시호,토트넘 레버쿠젠,쇼핑왕 루이,챔피언스리그,한광옥,지진,yg엔터테인먼트,월드시리즈,썰전,질투의 화신,이승철,김병준,싸이,손흥민,채동욱,최순실 대역,시카고컵스
20161102,김병준,개각,챔피언스리그,안종범,이준기,달의연인,맨시티 바르셀로나,모민의방,mc몽,리얼,조윤선,장시호,태연,설리,한국시리즈,안철수,힙합의 민족 2,코스피,이규혁,공주전
20161101,디스커버리,블랙핑크,최순실 곰탕,공주전,패딩,장시호,달의연인,최순득,설리,막돼먹은 영애씨 시즌15,김성근,월화드라마,이규혁,캐리어를 끄는 여자,최순실 사건 정리,한국시리즈,우리집에사는남자,달의 연인,마음의소리,조윤선
20161031,최순득,서지혜,할로윈데이,장시호,첸백시,박효신,판타스틱 듀오,박근혜 하야,정아름,은지원,박해진 고영태,장유진,최재경,긍정이 체질,월화드라마,달의연인,빅스,런닝맨,최순실 사건 정리,날씨
20161030,박효신,롤드컵,정아름,로또,최재경,청계광장,인기가요,이경재 변호사,복면가왕,차은택,유희열의 스케치북,최순실 귀국,최순실 사건 정리,이번 주 아내가 바람을 핍니다,아는 형님,런닝맨,월계수 양복점 신사들,서지혜,동물농장,다비치
20161029,청계광장,최순실 사건 정리,김주하,이재명,고영태,차은택,그것이 알고싶다,세월호 7시간,김어준의 파파이스,박근혜 하야,박해진,전여옥,한국시리즈,최순실 아들,큐넷,공인중개사 시험,라스푸틴,무한도전,팩트TV,촛불집회
20161028,김주하,박근혜 하야,이재명,썰전,라스푸틴,하야,세월호 7시간,애플,최순실 사건 정리,고영태,외모지상주의,장유진,오늘날씨,해피투게더,뮤직뱅크,할로윈데이,차은택,삼시세끼,정두언,손석희
20161027,시국선언,맨유 맨시티,썰전,고영태,세계일보,연애혁명,팔선녀,김진태,하야하라,하야,영생교,박근혜 부산,쇼핑왕 루이,박근혜 지지율,공항가는길,배용제,질투의 화신,차은택,박근혜 하야,내일날씨
20161026,시국선언,윤전추,고영태,탄핵,하야,박근혜 탄핵,박근혜,jtbc 뉴스룸,차은택,손석희,최태민,리버풀 토트넘,이재명,영생교,코스피,캐리어를 끄는 여자,반기문,정호성,혼술남녀,우병우
20161025,우리집에사는남자,최순실,탄핵,개헌,박근혜,혼술남녀,박근혜 탄핵,jtbc 뉴스룸,캐리어를 끄는 여자,한그루,손석희,하야,jtbc,최태민,최순실 연설문,정유라,달의 연인 보보경심 려,송지효,오늘날씨,이정현
20161024,트와이스 tt,한그루,개헌,박진주,트와이스,수원 지진,첼시 맨유,박수진,고호의 별이 빛나는 밤에,복면가왕,박진성,복면가왕 팝콘소녀,월화드라마,한예슬,테디,야구,우리집에사는남자,박범신,배용준,이진성
20161023,황우슬혜,고호의 별이 빛나는 밤에,백남기,그것이 알고싶다,로또,박진주,서울날씨,박진성,복면가왕,인기가요,무한도전,아는 형님,롤드컵,복면가왕 팝콘소녀,복면가왕 에펠탑,더케이투,월계수 양복점 신사들,복면가왕 우비소녀,옥중화,유희열의 스케치북
20161022,롤드컵,이영범,2016 부산 불꽃축제,박범신,노유정,미운우리새끼,나혼자산다,한국사능력검정시험,기안84,무한도전,그것이 알고싶다,김영근,더케이투,네이버스포츠,김수현,토트넘 본머스,드라이브클럽,삼시세끼 어촌편3,로또,아는 형님
20161021,신경섬유종,김영근,세상에이런일이,노유정,이영범,외모지상주의,아이폰7,슈퍼스타k 2016,일본 지진,유라,맨유 페네르바체,장동우,쇼핑왕 루이,특근,공항가는길,반페르시,삼시세끼,오늘날씨,질투의 화신,플레이오프
20161020,강수지,손학규,한끼줍쇼,연말정산 미리보기,고성희,박수홍,챔피언스리그,오패산터널,쇼핑왕 루이,이부진,바르셀로나 맨시티,김완선,라디오스타,남지현,경주 지진,공항가는길,임우재,질투의 화신,트와이스,일본 지진
20161019,토트넘 레버쿠젠,스타케미칼,챔피언스리그,김유정,힙합의 민족 2,맹기용,손흥민,푸른 바다의 전설,박보검,울랄라세션,남태현,창원터널,박광선,오패산터널,최경희,쇼챔피언,진영,한수원 채용,정려원,혼술남녀
20161018,제보자들,최순실,남태현,정려원,황정음,혼술남녀,맨유 리버풀,구르미그린달빛,달의 연인 보보경심 려,염경엽,캐리어를 끄는 여자,김보성,아이오아이,플레이오프,더쇼,한미약품,한국사능력검정시험,노블레스,날씨,여자의 비밀
20161017,박진주,아이오아이,최순실,복면가왕 우비소녀,소사이어티 게임,송민순,복면가왕,달의 연인 보보경심 려,신소율,아이오아이 너무너무너무,이희진,럭키,판타스틱 듀오,1호선,보금자리론,중국 지진,이선빈,김나니,날씨,구르미그린달빛
20161016,류화영,로또,손흥민,옥중화,아는 형님,최순실,인기가요,복면가왕,그것이 알고싶다,복면가왕 우비소녀,날씨,프리미어리그,박진주,변영주,미세먼지,토트넘,기상청,비스트,월계수 양복점 신사들,소사이어티 게임
20161015,미세먼지,변영주,이선빈,강민경,윤균상,허지웅,삼시세끼 어촌편3,그것이 알고싶다,나혼자산다,미운우리새끼,김한수,엄태웅,무한도전,아는 형님,판스틸러,롤드컵,로또,음악중심,대도서관,손흥민
20161014,세븐,차은우,엄태웅,밥딜런,미세먼지,한선교,태국 국왕,외모지상주의,유은혜,백지영,강민경,삼시세끼,뮤직뱅크,sk채용,해피투게더,김영근,성소,표적,윤균상,나혼자산다
20161013,질투의 화신,연애혁명,백지영,판타지오,허성태,쇼핑왕 루이,한선교,공항가는길,라디오스타,권혁주,유은혜,다비치,엠카운트다운,밥딜런,필리핀,슈퍼스타k 2016,조현아,농심 채용,하정우,삼시세끼
20161012,권혁주,한국 이란,지헤라,조현아,2018 러시아 월드컵 최종예선,슈틸리케,오솔미,판타지오,혼술남녀,남태현,라디오스타,오버워치 할로윈 스킨,10월 모의고사,오재석,아이오아이,2016 프로야구 준플레이오프 예매,일본 호주,존박,연금복권,하정우
20161011,한국 이란,박보검 내사람,혼술남녀,10월 모의고사,신은수,달의연인,구르미그린달빛,갤럭시노트7,조안,린다김,빙그레 채용,박보검,강동원,네덜란드 프랑스,레드벨벳,호주 일본,기아 엘지,예능인력소,캐리어를 끄는 여자,정채연
20161010,방탄소년단,김혜수,tvn 시상식,조안,갤럭시노트7,트럼프,조진웅,복면가왕 팝콘소녀,한국 이란,정채연,아이폰7,알리,달의연인,복면가왕,펜타곤,롤드컵,위택스,정준영,오늘날씨,런닝맨
20161009,이시영,대구 희망원,이미도,한글날,최창엽,로또,ufc,아는 형님,tvn 시상식,복면가왕 팝콘소녀,롤드컵,김희철,인기가요,더리치,월계수 양복점 신사들,그것이 알고싶다,이은재,옥중화,트럼프,독일 체코
20161008,2016 여의도 불꽃축제,이은재,최창엽,아소산,미운우리새끼,더케이투,나혼자산다,그것이 알고싶다,김연경,1%의 어떤 것,무한도전,이미도,판타스틱,전병두,유희열의 스케치북,로또,dmc 페스티벌,아는 형님,조정석,이재학
20161007,젝스키스,조정석,이은재,공현주,한국 카타르,2016 여의도 불꽃축제,엄태웅,질투의 화신,예원,기성용,홍정호,2018 러시아 월드컵 최종예선,한혜진,더케이투,내일날씨,젝스키스 세단어,공항가는길,인터파크티켓,돔페리돈,외모지상주의
20161006,키썸,김제동,한국 카타르,아파트투유,쇼핑왕 루이,젝스키스,백승주,엄태웅,박경,신세계 채용,질투의 화신,공항가는길,맨 인 더 다크,일본 이라크,연애혁명,라디오스타,대한항공 채용,수목드라마,딘딘,부산국제영화제
20161005,태풍,마린시티,소율,태풍피해,이혜경,혼술남녀,황소희,기상청,태풍경로,오늘날씨,엄지,이연수,복면가왕,라디오스타,우리동네 예체능,달의연인,오지은,공황장애,dmc 페스티벌,샤이니
20161004,태풍,오지은,달의연인,한미약품,혼술남녀,구르미그린달빛,디바,비정상회담,캐리어를 끄는 여자,채수빈,채리나,레전드 토토가,소율,내일날씨,오늘날씨,부산 휴교,현대자동차 채용,백선하,임수향,로또
20161003,개천절,라멜라,박효신,태풍,채수빈,토트넘 맨시티,김지운,손흥민,이센스,월화드라마,송중기,롤드컵,달의연인,이선빈,프리미어리그,가희,백선하,혼술남녀,이시영,노트7
20161002,이선빈,최진실,로또,롤드컵,지창욱,그것이 알고싶다,이정현,아는 형님,ufc,무한도전,곽도원,토트넘 맨시티,오늘날씨,개천절,dmc 페스티벌,테이저건,정우성,복면가왕,신데렐라와 네명의 기사,채수빈
20161001,국군의 날,자이언트핑크,롤드컵,나혼자산다,신데렐라와 네명의 기사,김연경,미운우리새끼,더케이투,나르샤,나다,그것이 알고싶다,언프리티랩스타 시즌3,부산원아시아페스티벌,무한도전,큐넷,갤럭시노트7,최태준,로또,아는 형님,기상청
20160930,진원,롤드컵,호란,한미약품,고성희,유승준,뮤직뱅크,이동건,나르샤,서인영,김경진,외모지상주의,더케이투,송서연,아모레퍼시픽 채용,안재현,나혼자산다,맨유,썰전,구혜선
20160929,서인영,가인,박효신 숨,나르샤,화요비,박효신,호란,정두영,크라운제이,질투의 화신,챔피언스리그,세이셸,이시영,하시시박,라디오스타,신동빈,코리아 세일 페스타,백남기,김현수,공항가는길
20160928,손흥민,우희진,태풍,김영란법,아수라,챔피언스리그,정두영,토트넘 모스크바,캐리어를 끄는 여자,이시영,우리은행 채용,달의연인,명세빈,이준기,혼술남녀,라디오스타,최은영,도르트문트 레알마드리드,오늘날씨,이정현
20160927,메디안 치약,캐리어를 끄는 여자,설현,혼술남녀,지코,지하철 파업,한선화,서울날씨,달의연인,김영란법,날씨,최은영,달의 연인 보보경심 려,월화드라마,구르미그린달빛,김희철,호세 페르난데스,강정호,기상청,미 대선 tv토론
20160926,최정문,지하철 파업,호세 페르난데스,에이핑크,백남기,한선화,이광종,김희철,이희진,정준영,내일날씨,메디안 치약,런닝맨,강정호,바다,월화드라마,cj채용,캐리어를 끄는 여자,1%의 어떤 것,날씨
20160925,정준영,손흥민,최홍만,미세먼지,백남기,주지훈,곽도원,정우성,지수,런닝맨,바다,토트넘 미들즈브러,ufc,복면가왕 에헤라디오,복면가왕,가인,복면가왕 로빈훗,옥중화,프리미어리그,호세 페르난데스
20160924,정준영,더케이투,김재수,나혼자산다,미운우리새끼,신데렐라와 네명의 기사,이시언,먹고자고먹고,그것이 알고싶다,나다,로드fc,무한도전,곽도원,언프리티랩스타 시즌3,정우성,맨유 레스터,최홍만,유희열의 스케치북,주지훈,육지담
20160923,유소영,임창정,정혜성,슈퍼스타k 2016,외모지상주의,일본 지진,쇼핑왕 루이,홍영기,크레용팝,효성 채용,레이디제인,더케이투,연고전,해피투게더,내귀에캔디,공항가는길,질투의 화신,슈퍼스타k,갤럭시노트7,번지점프 사고
20160922,공항가는길,쇼핑왕 루이,질투의 화신,은행 파업,임창정,이준혁,조재현,나홀로 휴가,최태준,수목드라마,라디오스타,최순실,윤보미,부산날씨,박철민,최경환,토트넘 질링엄,번지점프,바르셀로나 at마드리드,추분
20160921,안젤리나졸리,일본 지진,예은,정진운,브래드피트,최순실,몬스터,수목드라마,서미경,달의연인,공항가는길,쇼핑왕 루이,라디오스타,볼빨간사춘기,경복궁 야간개장,인터파크티켓,롤 점검,허민,gs칼텍스 채용,강수정
20160920,광종,몬스터,조보아,허민,롯데 채용,혼술남녀,서미경,달의 연인 보보경심 려,정인욱,온주완,삼성 채용,달의연인,이준기,아파트투유,구르미그린달빛,북한 지진,학교폭력 실태조사,오늘날씨,신동빈,정형돈
20160919,손흥민,이종성,전인지,고마츠 나나,김시온,이동국,지드래곤,예비군,윤석민,lg채용,토트넘 선덜랜드,학교폭력 실태조사,권진아,오승환,대한항공 채용,코오롱 채용,비투비,헬로프렌즈,날씨,롯데 채용
20160918,고마츠 나나,로또,엑소,지드래곤,전인지,그것이 알고싶다,ufc,무한도전,신데렐라와 네명의 기사,아는형님,런닝맨,뷰티인사이드,성소,아는 형님,내부자들,복면가왕,댄싱킹,암살,오승환,옥중화
20160917,이영애,윤균상,부르스타,첼시 리버풀,서울날씨,암살,신데렐라와 네명의 기사,내부자들,무한도전,그것이 알고싶다,부산날씨,기상청,태풍,애쉬비,엑소,날씨,로또,삼시세끼,강정호,프리미어리그
20160916,우설리,성소,외모지상주의,태풍,질투의 화신,날씨,붐샤카라카,영화순위,반기문,기상청,베테랑,터미네이터 제니시스,고속도로교통상황,맨유 페예노르트,고속도로 교통상황,아육대,인어공주,미운우리새끼,톡쏘는사이,유로파리그
20160915,고속도로 교통상황,아육대,챔피언스리그,지방쓰는법,토트넘 모나코,추석차례상차림,편성표,2016 추석특선영화,태풍,수목드라마,손흥민,성소,추석 인사말,지수,질투의 화신,라디오스타,영화순위,싱글즈,ios10,붐샤카라카
20160914,고속도로 교통상황,ios10,추석특선영화,지수,오솔미,챔피언스리그,아이돌 요리왕,tv 편성표,지방쓰는법,태풍,대호,타워,홍경래의 난,극비수사,혼술남녀,급성 골수염,미쓰 와이프,달의연인,추석 인사말,오버워치 점검
20160913,추석 인사말,태풍,여진,구르미그린달빛,추석특선영화,지진,고속도로 교통상황,안나경,지진피해,경주 지진,달의연인,실시간 교통정보,몬스터,정형돈,내진설계,지진 대피 요령,우리 갑순이,서울 지진,고속도로교통상황,하니
20160912,추석,추석 인사말,김주나,힐러리,코스피,현대모비스 채용,지진,sbs스페셜,복면가왕,추석특선영화,이시영,조정민,경주 지진,위택스,여진,오상훈,송재정,기상청,박리혜,지진 대피 요령
20160911,손흥민,조정민,골로프킨,로또,토트넘 스토크시티,정형돈,복면가왕,ufc,최유라,프리미어리그,맨유 맨시티,아는 형님,인기가요,무한상사,런닝맨,무한도전,복면가왕 에헤라디오,블랙핑크,우리갑순이,월계수 양복점 신사들
20160910,미운우리새끼,나다,언프리티랩스타 시즌3,나혼자산다,한동근,맨유 맨시티,볼빨간사춘기,그것이 알고싶다,유희열의 스케치북,무한도전,임진왜란 1592,신데렐라와 네명의 기사,한고은,정형돈,삼시세끼,슬리피,삼성전자,오승환,로또,스윙스
20160909,물티슈,제시,하일성,김진구,함부로 애틋하게,외모지상주의,최은영,송윤아,한동근,현대자동차 채용,가인,해피투게더,북한 핵실험,이케아,질투의 화신,삼시세끼,뮤직뱅크,임진왜란 1592,미운우리새끼,삼성 채용
20160908,하일성,송윤아,아이폰7,김진구,애플,물티슈,이다해,에어팟,함부로 애틋하게,세븐,몽드드물티슈,아이린,질투의 화신,아파트투유,더블유,홍준표,애플워치2,송민호,김광삼,맑은느낌 물티슈
20160907,미세먼지,이다해,세븐,밀정,v20,한국 시리아,김소연,혼술남녀,레드벨벳 러시안룰렛,이상우,아이폰7,레드벨벳,김형준,송윤아,이희진,라디오스타,백로,바비,기름치,강정호
20160906,혼술남녀,이희진,임창정 내가 저지른 사랑,미세먼지,한국 시리아,임창정,김소연,이상우,몬스터,구르미그린달빛,꽃놀이패,달의 연인 보보경심 려,월화드라마,일본 태국,박하선,도도맘,박보검,이재명,이준기,강하늘
20160905,성소,웬디,카이,이수민,방탄소년단,엔화,복면가왕,대한항공 채용,한국 시리아,불어라 미풍아,월화드라마,인터스텔라,옥중화,한선교,임창정 내가 저지른 사랑,이희진,하나티켓,런닝맨,오늘날씨,김재수
20160904,솔빈,임창정,임진왜란 1592,이수민,복면가왕,로또,무한도전,아는 형님,라붐,인터스텔라,카이,ufc,런닝맨,그것이 알고싶다,우리갑순이,신데렐라와 네명의 기사,월계수 양복점 신사들,인기가요,복면가왕 가마니,판타스틱
20160903,판타스틱,미운우리새끼,딘,무한도전,방용훈,나혼자산다,유희열의 스케치북,콜레라,그것이 알고싶다,신데렐라와 네명의 기사,언프리티랩스타 시즌3,허지웅,사이버경찰청 원서접수,아는 형님,박수홍,로또,한동근,임진왜란 1592,함정,삼시세끼
20160902,김열,허정민,한국 중국 축구,이현재,외모지상주의,9월 모의고사,허영지,내귀에캔디,태풍,삼시세끼,정세균,한성기업,함부로 애틋하게,윤세아,아르헨티나 우루과이,근로장려금,오늘날씨,판타스틱,해피투게더,김재우
20160901,이선빈,9월 모의고사,지코,한국 중국 축구,더블유,한국교육과정평가원,강남패치,미세먼지,그레이,유두열,갤럭시노트7 폭발,함부로 애틋하게,싸이코반,쌈디,한국 중국,설현,아수라,라디오스타,질투의 화신,조윤선
20160831,강남패치,김유정,조윤선,호란,이연수,현대상선,라디오스타,수목드라마,갤럭시노트7 폭발,달의연인,메카닉,내일날씨,태풍,몬스터,콜레라,울릉도,크라운제이,한국 중국,롤점검,싸우자귀신아
20160830,달의연인,호란,몬스터,이준기,이지현,한진해운,구르미그린달빛,아이유,백현,월화드라마,태풍,고려 왕 계보,강남패치,홍현희,싸우자귀신아,진아름,효명세자,내일날씨,강하늘,한국사능력검정시험
20160829,이지현,월화드라마,송희영,탕웨이,이시영,추미애,달의연인,아육대,복면가왕,이준기,진짜사나이,우리 갑순이,월계수 양복점 신사들,안철수,2016 리틀야구 월드시리즈,불어라 미풍아,런닝맨,오연서,오늘의 운세,구봉서
20160828,우리갑순이,탕웨이,김진경,월계수 양복점 신사들,구봉서,김한석,불어라 미풍아,복면가왕,맨유,메이즈러너,로또,맨유 헐시티,추미애,복면가왕 에헤라디오,인기가요,런닝맨,무한도전,오늘날씨,이제훈,부산날씨
20160827,헤이즈,구봉서,미운우리새끼,비와이,굿와이프,한동근,씨잼,무한도전,나혼자산다,그것이 알고싶다,언프리티랩스타 시즌3,추미애,월계수 양복점 신사들,유희열의 스케치북,허지웅,이인원,우리갑순이,일대종사,불어라 미풍아,신데렐라와 네명의 기사
20160826,이인원,딘딘,외모지상주의,날씨,일라이,질투의 화신,조윤선,나혼자산다,태풍,기상청,강균성,거식증,굿와이프,내귀에캔디,삼시세끼,해피투게더,뮤직뱅크,함부로 애틋하게,경수진,부산날씨
20160825,질투의 화신,유아,콜레라,거식증,함부로 애틋하게,오마이걸 진이,한동근,김고은,신하균,정혜성,김민종,더블유,이탈리아 지진,한효주,예언자들,라디오스타,공효진,헤이즈,양의지,윤일병 사건
20160824,김고은,신하균,강문영,박근령,허영란,엄태웅,강수지,불타는 청춘,질투의 화신,김국진,구르미그린달빛,수목드라마,구글 지도 반출,이상엽,라디오스타,공현주,갤럭시노트7 폭발,달의 연인 보보경심 려,이철성,이탈리아 지진
20160823,구르미그린달빛,엄태웅,박근령,정혜성,콜레라,처서,닥터스,김유정,몬스터,싸우자귀신아,사이먼 페그,박보검,공현주,이상엽,이성경,구르미그린달빛 시청률,김주현,이석수,허영란,서울날씨
20160822,구르미그린달빛,박보검,마라톤,월화드라마,태풍,닥터스,질투의 화신,한보름,김세정,진짜사나이,리우올림픽 폐막식,런닝맨,레알마드리드,테슬라,그래 그런거야,복면가왕,1박2일,몬스터,평창동계올림픽,가화만사성
20160821,브라질 독일,박인비,차동민,박세리,ufc,리디아고,손연재,인기가요,런닝맨,올림픽 순위,박보검,복면가왕,네이마르,아이가 다섯,코너 맥그리거,임현규,온두라스 나이지리아,옥중화,김윤희,1박2일
20160820,오혜리,리디아고,손연재,박인비,맨유 사우스햄튼,김연아,무한도전,롤챔스,신수지,그것이 알고싶다,음악중심,김윤희,포그바,오승환,신데렐라와 네명의 기사,아이가 다섯,옥중화,로또,전인지,아는 형님
20160819,이대훈,내귀에캔디,유인나,박인비,오승은,장시환,유승민,장근석,손연재,최재원,뮤직뱅크,전인지,외모지상주의,삼시세끼,이세영,굿와이프,지수,씨엘,정글의법칙,청춘시대
20160818,김소희,브라질 온두라스,태권도,김태훈,이대훈,삼성전자,박인비,엑소 로또,독일 나이지리아,정영식,리디아고,ibi,태영호,최재원,엑소,엠카운트다운,주세혁,아파트투유,탁구,전인지
20160817,박정아,김연경,윤제문,추석,w,코레일 예매,우주소녀,원티드,내마음의꽃비,양효진,닥터스,류한수,아수라,김희진,오승환,닥터스 결방,강인,싸우자귀신아,라디오스타,손연재
20160816,말복,조승연,공승연,이선정,티파니,조윤선,황지만,유창준,양학선,싸우자귀신아,태극기,탁구,이용대,몬스터,정연,손연재,부산날씨,대구날씨,김민석,첼시 웨스트햄
20160815,광복절,김현우,티파니,태극기,우사인볼트,부산날씨,말복,복면가왕,복면가왕 에헤라디오,태풍,아스날 리버풀,신의목소리,언니들의 슬램덩크,정영식,블랙핑크,정동하,레슬링 패자부활전,닥터스,김하나,끝에서 두번째 사랑
20160814,우사인볼트,한국 온두라스,임수향,손흥민,독일 포르투갈,브라질 콜롬비아,신데렐라와 네명의 기사,장예원,복면가왕,나이지리아 덴마크,침대축구,인기가요,탁구,복면가왕 에헤라디오,맨유 본머스,조혜정,김국영,양하은,옥중화,블랙핑크
20160813,신데렐라와 네명의 기사,구본찬,서효원,한국 온두라스,무한도전,북한 금메달,별똥별,그것이 알고싶다,한국사능력검정시험,이승윤,고속도로 교통상황,림정심,배드민턴,굿와이프,여자배구,아는 형님,이용대,로또,탁구,한국 브라질
20160812,장혜진,별똥별,최미선,외모지상주의,이용대,배드민턴,기보배,이파인,차희,신데렐라와 네명의 기사,최인정,남자 양궁,비와이,내마음의꽃비,뮤직뱅크,대구날씨,굿와이프,삼시세끼,함상명,청춘시대
20160811,독일 피지,진종오,한국 멕시코,한국 온두라스,일본 스웨덴,곽동한,김정환,여자핸드볼,지코,설현,리우올림픽 축구 8강대진표,달의 연인,이용대,브라질 덴마크,힛더스테이지,ul엔터테인먼트,배드민턴,하정우,박상영,함부로 애틋하게
20160810,박상영,지코,펜싱,설현,최병철,에페,위안부 합의,이정현,박신혜,김민석,펠프스,남현희,한국 멕시코,장혜진,김현중,라디오스타,수막종,전희숙,레알마드리드 세비야,미세먼지
